pstSn,flags,title,redirectTo,file,textSample
97,looks_404,경찰청 - 전기통신금융사기 통합신고,,corpus\raw\pages\police_press\download_errhtml_pstSn_97_4_2.html,경찰청 - 전기통신금융사기 통합신고 죄송합니다 요청하신 페이지를 찾을 수 없습니다. 찾으시는 웹페이지의 이름이 바뀌었거나 현재 사용할 수 없습니다. 입력하신 페이지 주소가 정확한지 다시 한번 확인해 보시고 동일한 문제가 지속적으로 발생하는 경우에는 고객센터로 문의 부탁드리겠습니다. 홈으로 가기
97,looks_404,경찰청 - 전기통신금융사기 통합신고,,corpus\raw\pages\police_press\download_errhtml_pstSn_97_4_1.html,경찰청 - 전기통신금융사기 통합신고 죄송합니다 요청하신 페이지를 찾을 수 없습니다. 찾으시는 웹페이지의 이름이 바뀌었거나 현재 사용할 수 없습니다. 입력하신 페이지 주소가 정확한지 다시 한번 확인해 보시고 동일한 문제가 지속적으로 발생하는 경우에는 고객센터로 문의 부탁드리겠습니다. 홈으로 가기
97,looks_404,경찰청 - 전기통신금융사기 통합신고,,corpus\raw\pages\police_press\download_errhtml_pstSn_97_3_2.html,경찰청 - 전기통신금융사기 통합신고 죄송합니다 요청하신 페이지를 찾을 수 없습니다. 찾으시는 웹페이지의 이름이 바뀌었거나 현재 사용할 수 없습니다. 입력하신 페이지 주소가 정확한지 다시 한번 확인해 보시고 동일한 문제가 지속적으로 발생하는 경우에는 고객센터로 문의 부탁드리겠습니다. 홈으로 가기
97,looks_404,경찰청 - 전기통신금융사기 통합신고,,corpus\raw\pages\police_press\download_errhtml_pstSn_97_3_1.html,경찰청 - 전기통신금융사기 통합신고 죄송합니다 요청하신 페이지를 찾을 수 없습니다. 찾으시는 웹페이지의 이름이 바뀌었거나 현재 사용할 수 없습니다. 입력하신 페이지 주소가 정확한지 다시 한번 확인해 보시고 동일한 문제가 지속적으로 발생하는 경우에는 고객센터로 문의 부탁드리겠습니다. 홈으로 가기
97,looks_404,경찰청 - 전기통신금융사기 통합신고,,corpus\raw\pages\police_press\download_errhtml_pstSn_97_2_2.html,경찰청 - 전기통신금융사기 통합신고 죄송합니다 요청하신 페이지를 찾을 수 없습니다. 찾으시는 웹페이지의 이름이 바뀌었거나 현재 사용할 수 없습니다. 입력하신 페이지 주소가 정확한지 다시 한번 확인해 보시고 동일한 문제가 지속적으로 발생하는 경우에는 고객센터로 문의 부탁드리겠습니다. 홈으로 가기
97,looks_404,경찰청 - 전기통신금융사기 통합신고,,corpus\raw\pages\police_press\download_errhtml_pstSn_97_2_1.html,경찰청 - 전기통신금융사기 통합신고 죄송합니다 요청하신 페이지를 찾을 수 없습니다. 찾으시는 웹페이지의 이름이 바뀌었거나 현재 사용할 수 없습니다. 입력하신 페이지 주소가 정확한지 다시 한번 확인해 보시고 동일한 문제가 지속적으로 발생하는 경우에는 고객센터로 문의 부탁드리겠습니다. 홈으로 가기
95,looks_404,경찰청 - 전기통신금융사기 통합신고,,corpus\raw\pages\police_press\download_errhtml_pstSn_95_4_2.html,경찰청 - 전기통신금융사기 통합신고 죄송합니다 요청하신 페이지를 찾을 수 없습니다. 찾으시는 웹페이지의 이름이 바뀌었거나 현재 사용할 수 없습니다. 입력하신 페이지 주소가 정확한지 다시 한번 확인해 보시고 동일한 문제가 지속적으로 발생하는 경우에는 고객센터로 문의 부탁드리겠습니다. 홈으로 가기
95,looks_404,경찰청 - 전기통신금융사기 통합신고,,corpus\raw\pages\police_press\download_errhtml_pstSn_95_4_1.html,경찰청 - 전기통신금융사기 통합신고 죄송합니다 요청하신 페이지를 찾을 수 없습니다. 찾으시는 웹페이지의 이름이 바뀌었거나 현재 사용할 수 없습니다. 입력하신 페이지 주소가 정확한지 다시 한번 확인해 보시고 동일한 문제가 지속적으로 발생하는 경우에는 고객센터로 문의 부탁드리겠습니다. 홈으로 가기
95,looks_404,경찰청 - 전기통신금융사기 통합신고,,corpus\raw\pages\police_press\download_errhtml_pstSn_95_3_2.html,경찰청 - 전기통신금융사기 통합신고 죄송합니다 요청하신 페이지를 찾을 수 없습니다. 찾으시는 웹페이지의 이름이 바뀌었거나 현재 사용할 수 없습니다. 입력하신 페이지 주소가 정확한지 다시 한번 확인해 보시고 동일한 문제가 지속적으로 발생하는 경우에는 고객센터로 문의 부탁드리겠습니다. 홈으로 가기
95,looks_404,경찰청 - 전기통신금융사기 통합신고,,corpus\raw\pages\police_press\download_errhtml_pstSn_95_3_1.html,경찰청 - 전기통신금융사기 통합신고 죄송합니다 요청하신 페이지를 찾을 수 없습니다. 찾으시는 웹페이지의 이름이 바뀌었거나 현재 사용할 수 없습니다. 입력하신 페이지 주소가 정확한지 다시 한번 확인해 보시고 동일한 문제가 지속적으로 발생하는 경우에는 고객센터로 문의 부탁드리겠습니다. 홈으로 가기
95,looks_404,경찰청 - 전기통신금융사기 통합신고,,corpus\raw\pages\police_press\download_errhtml_pstSn_95_2_2.html,경찰청 - 전기통신금융사기 통합신고 죄송합니다 요청하신 페이지를 찾을 수 없습니다. 찾으시는 웹페이지의 이름이 바뀌었거나 현재 사용할 수 없습니다. 입력하신 페이지 주소가 정확한지 다시 한번 확인해 보시고 동일한 문제가 지속적으로 발생하는 경우에는 고객센터로 문의 부탁드리겠습니다. 홈으로 가기
95,looks_404,경찰청 - 전기통신금융사기 통합신고,,corpus\raw\pages\police_press\download_errhtml_pstSn_95_2_1.html,경찰청 - 전기통신금융사기 통합신고 죄송합니다 요청하신 페이지를 찾을 수 없습니다. 찾으시는 웹페이지의 이름이 바뀌었거나 현재 사용할 수 없습니다. 입력하신 페이지 주소가 정확한지 다시 한번 확인해 보시고 동일한 문제가 지속적으로 발생하는 경우에는 고객센터로 문의 부탁드리겠습니다. 홈으로 가기
87,looks_404,경찰청 - 전기통신금융사기 통합신고,,corpus\raw\pages\police_press\download_errhtml_pstSn_87_4_2.html,경찰청 - 전기통신금융사기 통합신고 죄송합니다 요청하신 페이지를 찾을 수 없습니다. 찾으시는 웹페이지의 이름이 바뀌었거나 현재 사용할 수 없습니다. 입력하신 페이지 주소가 정확한지 다시 한번 확인해 보시고 동일한 문제가 지속적으로 발생하는 경우에는 고객센터로 문의 부탁드리겠습니다. 홈으로 가기
87,looks_404,경찰청 - 전기통신금융사기 통합신고,,corpus\raw\pages\police_press\download_errhtml_pstSn_87_4_1.html,경찰청 - 전기통신금융사기 통합신고 죄송합니다 요청하신 페이지를 찾을 수 없습니다. 찾으시는 웹페이지의 이름이 바뀌었거나 현재 사용할 수 없습니다. 입력하신 페이지 주소가 정확한지 다시 한번 확인해 보시고 동일한 문제가 지속적으로 발생하는 경우에는 고객센터로 문의 부탁드리겠습니다. 홈으로 가기
87,looks_404,경찰청 - 전기통신금융사기 통합신고,,corpus\raw\pages\police_press\download_errhtml_pstSn_87_3_2.html,경찰청 - 전기통신금융사기 통합신고 죄송합니다 요청하신 페이지를 찾을 수 없습니다. 찾으시는 웹페이지의 이름이 바뀌었거나 현재 사용할 수 없습니다. 입력하신 페이지 주소가 정확한지 다시 한번 확인해 보시고 동일한 문제가 지속적으로 발생하는 경우에는 고객센터로 문의 부탁드리겠습니다. 홈으로 가기
87,looks_404,경찰청 - 전기통신금융사기 통합신고,,corpus\raw\pages\police_press\download_errhtml_pstSn_87_3_1.html,경찰청 - 전기통신금융사기 통합신고 죄송합니다 요청하신 페이지를 찾을 수 없습니다. 찾으시는 웹페이지의 이름이 바뀌었거나 현재 사용할 수 없습니다. 입력하신 페이지 주소가 정확한지 다시 한번 확인해 보시고 동일한 문제가 지속적으로 발생하는 경우에는 고객센터로 문의 부탁드리겠습니다. 홈으로 가기
87,looks_404,경찰청 - 전기통신금융사기 통합신고,,corpus\raw\pages\police_press\download_errhtml_pstSn_87_2_2.html,경찰청 - 전기통신금융사기 통합신고 죄송합니다 요청하신 페이지를 찾을 수 없습니다. 찾으시는 웹페이지의 이름이 바뀌었거나 현재 사용할 수 없습니다. 입력하신 페이지 주소가 정확한지 다시 한번 확인해 보시고 동일한 문제가 지속적으로 발생하는 경우에는 고객센터로 문의 부탁드리겠습니다. 홈으로 가기
87,looks_404,경찰청 - 전기통신금융사기 통합신고,,corpus\raw\pages\police_press\download_errhtml_pstSn_87_2_1.html,경찰청 - 전기통신금융사기 통합신고 죄송합니다 요청하신 페이지를 찾을 수 없습니다. 찾으시는 웹페이지의 이름이 바뀌었거나 현재 사용할 수 없습니다. 입력하신 페이지 주소가 정확한지 다시 한번 확인해 보시고 동일한 문제가 지속적으로 발생하는 경우에는 고객센터로 문의 부탁드리겠습니다. 홈으로 가기
86,looks_404,경찰청 - 전기통신금융사기 통합신고,,corpus\raw\pages\police_press\download_errhtml_pstSn_86_4_2.html,경찰청 - 전기통신금융사기 통합신고 죄송합니다 요청하신 페이지를 찾을 수 없습니다. 찾으시는 웹페이지의 이름이 바뀌었거나 현재 사용할 수 없습니다. 입력하신 페이지 주소가 정확한지 다시 한번 확인해 보시고 동일한 문제가 지속적으로 발생하는 경우에는 고객센터로 문의 부탁드리겠습니다. 홈으로 가기
86,looks_404,경찰청 - 전기통신금융사기 통합신고,,corpus\raw\pages\police_press\download_errhtml_pstSn_86_4_1.html,경찰청 - 전기통신금융사기 통합신고 죄송합니다 요청하신 페이지를 찾을 수 없습니다. 찾으시는 웹페이지의 이름이 바뀌었거나 현재 사용할 수 없습니다. 입력하신 페이지 주소가 정확한지 다시 한번 확인해 보시고 동일한 문제가 지속적으로 발생하는 경우에는 고객센터로 문의 부탁드리겠습니다. 홈으로 가기
86,looks_404,경찰청 - 전기통신금융사기 통합신고,,corpus\raw\pages\police_press\download_errhtml_pstSn_86_3_2.html,경찰청 - 전기통신금융사기 통합신고 죄송합니다 요청하신 페이지를 찾을 수 없습니다. 찾으시는 웹페이지의 이름이 바뀌었거나 현재 사용할 수 없습니다. 입력하신 페이지 주소가 정확한지 다시 한번 확인해 보시고 동일한 문제가 지속적으로 발생하는 경우에는 고객센터로 문의 부탁드리겠습니다. 홈으로 가기
86,looks_404,경찰청 - 전기통신금융사기 통합신고,,corpus\raw\pages\police_press\download_errhtml_pstSn_86_3_1.html,경찰청 - 전기통신금융사기 통합신고 죄송합니다 요청하신 페이지를 찾을 수 없습니다. 찾으시는 웹페이지의 이름이 바뀌었거나 현재 사용할 수 없습니다. 입력하신 페이지 주소가 정확한지 다시 한번 확인해 보시고 동일한 문제가 지속적으로 발생하는 경우에는 고객센터로 문의 부탁드리겠습니다. 홈으로 가기
86,looks_404,경찰청 - 전기통신금융사기 통합신고,,corpus\raw\pages\police_press\download_errhtml_pstSn_86_2_2.html,경찰청 - 전기통신금융사기 통합신고 죄송합니다 요청하신 페이지를 찾을 수 없습니다. 찾으시는 웹페이지의 이름이 바뀌었거나 현재 사용할 수 없습니다. 입력하신 페이지 주소가 정확한지 다시 한번 확인해 보시고 동일한 문제가 지속적으로 발생하는 경우에는 고객센터로 문의 부탁드리겠습니다. 홈으로 가기
86,looks_404,경찰청 - 전기통신금융사기 통합신고,,corpus\raw\pages\police_press\download_errhtml_pstSn_86_2_1.html,경찰청 - 전기통신금융사기 통합신고 죄송합니다 요청하신 페이지를 찾을 수 없습니다. 찾으시는 웹페이지의 이름이 바뀌었거나 현재 사용할 수 없습니다. 입력하신 페이지 주소가 정확한지 다시 한번 확인해 보시고 동일한 문제가 지속적으로 발생하는 경우에는 고객센터로 문의 부탁드리겠습니다. 홈으로 가기
63,looks_404,경찰청 - 전기통신금융사기 통합신고,,corpus\raw\pages\police_press\download_errhtml_pstSn_63_4_2.html,경찰청 - 전기통신금융사기 통합신고 죄송합니다 요청하신 페이지를 찾을 수 없습니다. 찾으시는 웹페이지의 이름이 바뀌었거나 현재 사용할 수 없습니다. 입력하신 페이지 주소가 정확한지 다시 한번 확인해 보시고 동일한 문제가 지속적으로 발생하는 경우에는 고객센터로 문의 부탁드리겠습니다. 홈으로 가기
63,looks_404,경찰청 - 전기통신금융사기 통합신고,,corpus\raw\pages\police_press\download_errhtml_pstSn_63_4_1.html,경찰청 - 전기통신금융사기 통합신고 죄송합니다 요청하신 페이지를 찾을 수 없습니다. 찾으시는 웹페이지의 이름이 바뀌었거나 현재 사용할 수 없습니다. 입력하신 페이지 주소가 정확한지 다시 한번 확인해 보시고 동일한 문제가 지속적으로 발생하는 경우에는 고객센터로 문의 부탁드리겠습니다. 홈으로 가기
63,looks_404,경찰청 - 전기통신금융사기 통합신고,,corpus\raw\pages\police_press\download_errhtml_pstSn_63_3_2.html,경찰청 - 전기통신금융사기 통합신고 죄송합니다 요청하신 페이지를 찾을 수 없습니다. 찾으시는 웹페이지의 이름이 바뀌었거나 현재 사용할 수 없습니다. 입력하신 페이지 주소가 정확한지 다시 한번 확인해 보시고 동일한 문제가 지속적으로 발생하는 경우에는 고객센터로 문의 부탁드리겠습니다. 홈으로 가기
63,looks_404,경찰청 - 전기통신금융사기 통합신고,,corpus\raw\pages\police_press\download_errhtml_pstSn_63_3_1.html,경찰청 - 전기통신금융사기 통합신고 죄송합니다 요청하신 페이지를 찾을 수 없습니다. 찾으시는 웹페이지의 이름이 바뀌었거나 현재 사용할 수 없습니다. 입력하신 페이지 주소가 정확한지 다시 한번 확인해 보시고 동일한 문제가 지속적으로 발생하는 경우에는 고객센터로 문의 부탁드리겠습니다. 홈으로 가기
63,looks_404,경찰청 - 전기통신금융사기 통합신고,,corpus\raw\pages\police_press\download_errhtml_pstSn_63_2_2.html,경찰청 - 전기통신금융사기 통합신고 죄송합니다 요청하신 페이지를 찾을 수 없습니다. 찾으시는 웹페이지의 이름이 바뀌었거나 현재 사용할 수 없습니다. 입력하신 페이지 주소가 정확한지 다시 한번 확인해 보시고 동일한 문제가 지속적으로 발생하는 경우에는 고객센터로 문의 부탁드리겠습니다. 홈으로 가기
63,looks_404,경찰청 - 전기통신금융사기 통합신고,,corpus\raw\pages\police_press\download_errhtml_pstSn_63_2_1.html,경찰청 - 전기통신금융사기 통합신고 죄송합니다 요청하신 페이지를 찾을 수 없습니다. 찾으시는 웹페이지의 이름이 바뀌었거나 현재 사용할 수 없습니다. 입력하신 페이지 주소가 정확한지 다시 한번 확인해 보시고 동일한 문제가 지속적으로 발생하는 경우에는 고객센터로 문의 부탁드리겠습니다. 홈으로 가기
60,looks_404,경찰청 - 전기통신금융사기 통합신고,,corpus\raw\pages\police_press\download_errhtml_pstSn_60_6_2.html,경찰청 - 전기통신금융사기 통합신고 죄송합니다 요청하신 페이지를 찾을 수 없습니다. 찾으시는 웹페이지의 이름이 바뀌었거나 현재 사용할 수 없습니다. 입력하신 페이지 주소가 정확한지 다시 한번 확인해 보시고 동일한 문제가 지속적으로 발생하는 경우에는 고객센터로 문의 부탁드리겠습니다. 홈으로 가기
60,looks_404,경찰청 - 전기통신금융사기 통합신고,,corpus\raw\pages\police_press\download_errhtml_pstSn_60_6_1.html,경찰청 - 전기통신금융사기 통합신고 죄송합니다 요청하신 페이지를 찾을 수 없습니다. 찾으시는 웹페이지의 이름이 바뀌었거나 현재 사용할 수 없습니다. 입력하신 페이지 주소가 정확한지 다시 한번 확인해 보시고 동일한 문제가 지속적으로 발생하는 경우에는 고객센터로 문의 부탁드리겠습니다. 홈으로 가기
60,looks_404,경찰청 - 전기통신금융사기 통합신고,,corpus\raw\pages\police_press\download_errhtml_pstSn_60_4_2.html,경찰청 - 전기통신금융사기 통합신고 죄송합니다 요청하신 페이지를 찾을 수 없습니다. 찾으시는 웹페이지의 이름이 바뀌었거나 현재 사용할 수 없습니다. 입력하신 페이지 주소가 정확한지 다시 한번 확인해 보시고 동일한 문제가 지속적으로 발생하는 경우에는 고객센터로 문의 부탁드리겠습니다. 홈으로 가기
60,looks_404,경찰청 - 전기통신금융사기 통합신고,,corpus\raw\pages\police_press\download_errhtml_pstSn_60_4_1.html,경찰청 - 전기통신금융사기 통합신고 죄송합니다 요청하신 페이지를 찾을 수 없습니다. 찾으시는 웹페이지의 이름이 바뀌었거나 현재 사용할 수 없습니다. 입력하신 페이지 주소가 정확한지 다시 한번 확인해 보시고 동일한 문제가 지속적으로 발생하는 경우에는 고객센터로 문의 부탁드리겠습니다. 홈으로 가기
60,looks_404,경찰청 - 전기통신금융사기 통합신고,,corpus\raw\pages\police_press\download_errhtml_pstSn_60_3_2.html,경찰청 - 전기통신금융사기 통합신고 죄송합니다 요청하신 페이지를 찾을 수 없습니다. 찾으시는 웹페이지의 이름이 바뀌었거나 현재 사용할 수 없습니다. 입력하신 페이지 주소가 정확한지 다시 한번 확인해 보시고 동일한 문제가 지속적으로 발생하는 경우에는 고객센터로 문의 부탁드리겠습니다. 홈으로 가기
60,looks_404,경찰청 - 전기통신금융사기 통합신고,,corpus\raw\pages\police_press\download_errhtml_pstSn_60_3_1.html,경찰청 - 전기통신금융사기 통합신고 죄송합니다 요청하신 페이지를 찾을 수 없습니다. 찾으시는 웹페이지의 이름이 바뀌었거나 현재 사용할 수 없습니다. 입력하신 페이지 주소가 정확한지 다시 한번 확인해 보시고 동일한 문제가 지속적으로 발생하는 경우에는 고객센터로 문의 부탁드리겠습니다. 홈으로 가기
60,looks_404,경찰청 - 전기통신금융사기 통합신고,,corpus\raw\pages\police_press\download_errhtml_pstSn_60_2_2.html,경찰청 - 전기통신금융사기 통합신고 죄송합니다 요청하신 페이지를 찾을 수 없습니다. 찾으시는 웹페이지의 이름이 바뀌었거나 현재 사용할 수 없습니다. 입력하신 페이지 주소가 정확한지 다시 한번 확인해 보시고 동일한 문제가 지속적으로 발생하는 경우에는 고객센터로 문의 부탁드리겠습니다. 홈으로 가기
60,looks_404,경찰청 - 전기통신금융사기 통합신고,,corpus\raw\pages\police_press\download_errhtml_pstSn_60_2_1.html,경찰청 - 전기통신금융사기 통합신고 죄송합니다 요청하신 페이지를 찾을 수 없습니다. 찾으시는 웹페이지의 이름이 바뀌었거나 현재 사용할 수 없습니다. 입력하신 페이지 주소가 정확한지 다시 한번 확인해 보시고 동일한 문제가 지속적으로 발생하는 경우에는 고객센터로 문의 부탁드리겠습니다. 홈으로 가기
5,looks_404,경찰청 - 전기통신금융사기 통합신고,,corpus\raw\pages\police_press\download_errhtml_pstSn_5_4_2.html,경찰청 - 전기통신금융사기 통합신고 죄송합니다 요청하신 페이지를 찾을 수 없습니다. 찾으시는 웹페이지의 이름이 바뀌었거나 현재 사용할 수 없습니다. 입력하신 페이지 주소가 정확한지 다시 한번 확인해 보시고 동일한 문제가 지속적으로 발생하는 경우에는 고객센터로 문의 부탁드리겠습니다. 홈으로 가기
5,looks_404,경찰청 - 전기통신금융사기 통합신고,,corpus\raw\pages\police_press\download_errhtml_pstSn_5_4_1.html,경찰청 - 전기통신금융사기 통합신고 죄송합니다 요청하신 페이지를 찾을 수 없습니다. 찾으시는 웹페이지의 이름이 바뀌었거나 현재 사용할 수 없습니다. 입력하신 페이지 주소가 정확한지 다시 한번 확인해 보시고 동일한 문제가 지속적으로 발생하는 경우에는 고객센터로 문의 부탁드리겠습니다. 홈으로 가기
5,looks_404,경찰청 - 전기통신금융사기 통합신고,,corpus\raw\pages\police_press\download_errhtml_pstSn_5_3_2.html,경찰청 - 전기통신금융사기 통합신고 죄송합니다 요청하신 페이지를 찾을 수 없습니다. 찾으시는 웹페이지의 이름이 바뀌었거나 현재 사용할 수 없습니다. 입력하신 페이지 주소가 정확한지 다시 한번 확인해 보시고 동일한 문제가 지속적으로 발생하는 경우에는 고객센터로 문의 부탁드리겠습니다. 홈으로 가기
5,looks_404,경찰청 - 전기통신금융사기 통합신고,,corpus\raw\pages\police_press\download_errhtml_pstSn_5_3_1.html,경찰청 - 전기통신금융사기 통합신고 죄송합니다 요청하신 페이지를 찾을 수 없습니다. 찾으시는 웹페이지의 이름이 바뀌었거나 현재 사용할 수 없습니다. 입력하신 페이지 주소가 정확한지 다시 한번 확인해 보시고 동일한 문제가 지속적으로 발생하는 경우에는 고객센터로 문의 부탁드리겠습니다. 홈으로 가기
5,looks_404,경찰청 - 전기통신금융사기 통합신고,,corpus\raw\pages\police_press\download_errhtml_pstSn_5_2_2.html,경찰청 - 전기통신금융사기 통합신고 죄송합니다 요청하신 페이지를 찾을 수 없습니다. 찾으시는 웹페이지의 이름이 바뀌었거나 현재 사용할 수 없습니다. 입력하신 페이지 주소가 정확한지 다시 한번 확인해 보시고 동일한 문제가 지속적으로 발생하는 경우에는 고객센터로 문의 부탁드리겠습니다. 홈으로 가기
5,looks_404,경찰청 - 전기통신금융사기 통합신고,,corpus\raw\pages\police_press\download_errhtml_pstSn_5_2_1.html,경찰청 - 전기통신금융사기 통합신고 죄송합니다 요청하신 페이지를 찾을 수 없습니다. 찾으시는 웹페이지의 이름이 바뀌었거나 현재 사용할 수 없습니다. 입력하신 페이지 주소가 정확한지 다시 한번 확인해 보시고 동일한 문제가 지속적으로 발생하는 경우에는 고객센터로 문의 부탁드리겠습니다. 홈으로 가기
4,looks_404,경찰청 - 전기통신금융사기 통합신고,,corpus\raw\pages\police_press\download_errhtml_pstSn_4_4_2.html,경찰청 - 전기통신금융사기 통합신고 죄송합니다 요청하신 페이지를 찾을 수 없습니다. 찾으시는 웹페이지의 이름이 바뀌었거나 현재 사용할 수 없습니다. 입력하신 페이지 주소가 정확한지 다시 한번 확인해 보시고 동일한 문제가 지속적으로 발생하는 경우에는 고객센터로 문의 부탁드리겠습니다. 홈으로 가기
4,looks_404,경찰청 - 전기통신금융사기 통합신고,,corpus\raw\pages\police_press\download_errhtml_pstSn_4_4_1.html,경찰청 - 전기통신금융사기 통합신고 죄송합니다 요청하신 페이지를 찾을 수 없습니다. 찾으시는 웹페이지의 이름이 바뀌었거나 현재 사용할 수 없습니다. 입력하신 페이지 주소가 정확한지 다시 한번 확인해 보시고 동일한 문제가 지속적으로 발생하는 경우에는 고객센터로 문의 부탁드리겠습니다. 홈으로 가기
4,looks_404,경찰청 - 전기통신금융사기 통합신고,,corpus\raw\pages\police_press\download_errhtml_pstSn_4_3_2.html,경찰청 - 전기통신금융사기 통합신고 죄송합니다 요청하신 페이지를 찾을 수 없습니다. 찾으시는 웹페이지의 이름이 바뀌었거나 현재 사용할 수 없습니다. 입력하신 페이지 주소가 정확한지 다시 한번 확인해 보시고 동일한 문제가 지속적으로 발생하는 경우에는 고객센터로 문의 부탁드리겠습니다. 홈으로 가기
4,looks_404,경찰청 - 전기통신금융사기 통합신고,,corpus\raw\pages\police_press\download_errhtml_pstSn_4_3_1.html,경찰청 - 전기통신금융사기 통합신고 죄송합니다 요청하신 페이지를 찾을 수 없습니다. 찾으시는 웹페이지의 이름이 바뀌었거나 현재 사용할 수 없습니다. 입력하신 페이지 주소가 정확한지 다시 한번 확인해 보시고 동일한 문제가 지속적으로 발생하는 경우에는 고객센터로 문의 부탁드리겠습니다. 홈으로 가기
4,looks_404,경찰청 - 전기통신금융사기 통합신고,,corpus\raw\pages\police_press\download_errhtml_pstSn_4_2_2.html,경찰청 - 전기통신금융사기 통합신고 죄송합니다 요청하신 페이지를 찾을 수 없습니다. 찾으시는 웹페이지의 이름이 바뀌었거나 현재 사용할 수 없습니다. 입력하신 페이지 주소가 정확한지 다시 한번 확인해 보시고 동일한 문제가 지속적으로 발생하는 경우에는 고객센터로 문의 부탁드리겠습니다. 홈으로 가기
4,looks_404,경찰청 - 전기통신금융사기 통합신고,,corpus\raw\pages\police_press\download_errhtml_pstSn_4_2_1.html,경찰청 - 전기통신금융사기 통합신고 죄송합니다 요청하신 페이지를 찾을 수 없습니다. 찾으시는 웹페이지의 이름이 바뀌었거나 현재 사용할 수 없습니다. 입력하신 페이지 주소가 정확한지 다시 한번 확인해 보시고 동일한 문제가 지속적으로 발생하는 경우에는 고객센터로 문의 부탁드리겠습니다. 홈으로 가기
3,looks_404,경찰청 - 전기통신금융사기 통합신고,,corpus\raw\pages\police_press\download_errhtml_pstSn_3_4_2.html,경찰청 - 전기통신금융사기 통합신고 죄송합니다 요청하신 페이지를 찾을 수 없습니다. 찾으시는 웹페이지의 이름이 바뀌었거나 현재 사용할 수 없습니다. 입력하신 페이지 주소가 정확한지 다시 한번 확인해 보시고 동일한 문제가 지속적으로 발생하는 경우에는 고객센터로 문의 부탁드리겠습니다. 홈으로 가기
3,looks_404,경찰청 - 전기통신금융사기 통합신고,,corpus\raw\pages\police_press\download_errhtml_pstSn_3_4_1.html,경찰청 - 전기통신금융사기 통합신고 죄송합니다 요청하신 페이지를 찾을 수 없습니다. 찾으시는 웹페이지의 이름이 바뀌었거나 현재 사용할 수 없습니다. 입력하신 페이지 주소가 정확한지 다시 한번 확인해 보시고 동일한 문제가 지속적으로 발생하는 경우에는 고객센터로 문의 부탁드리겠습니다. 홈으로 가기
3,looks_404,경찰청 - 전기통신금융사기 통합신고,,corpus\raw\pages\police_press\download_errhtml_pstSn_3_3_2.html,경찰청 - 전기통신금융사기 통합신고 죄송합니다 요청하신 페이지를 찾을 수 없습니다. 찾으시는 웹페이지의 이름이 바뀌었거나 현재 사용할 수 없습니다. 입력하신 페이지 주소가 정확한지 다시 한번 확인해 보시고 동일한 문제가 지속적으로 발생하는 경우에는 고객센터로 문의 부탁드리겠습니다. 홈으로 가기
3,looks_404,경찰청 - 전기통신금융사기 통합신고,,corpus\raw\pages\police_press\download_errhtml_pstSn_3_3_1.html,경찰청 - 전기통신금융사기 통합신고 죄송합니다 요청하신 페이지를 찾을 수 없습니다. 찾으시는 웹페이지의 이름이 바뀌었거나 현재 사용할 수 없습니다. 입력하신 페이지 주소가 정확한지 다시 한번 확인해 보시고 동일한 문제가 지속적으로 발생하는 경우에는 고객센터로 문의 부탁드리겠습니다. 홈으로 가기
3,looks_404,경찰청 - 전기통신금융사기 통합신고,,corpus\raw\pages\police_press\download_errhtml_pstSn_3_2_2.html,경찰청 - 전기통신금융사기 통합신고 죄송합니다 요청하신 페이지를 찾을 수 없습니다. 찾으시는 웹페이지의 이름이 바뀌었거나 현재 사용할 수 없습니다. 입력하신 페이지 주소가 정확한지 다시 한번 확인해 보시고 동일한 문제가 지속적으로 발생하는 경우에는 고객센터로 문의 부탁드리겠습니다. 홈으로 가기
3,looks_404,경찰청 - 전기통신금융사기 통합신고,,corpus\raw\pages\police_press\download_errhtml_pstSn_3_2_1.html,경찰청 - 전기통신금융사기 통합신고 죄송합니다 요청하신 페이지를 찾을 수 없습니다. 찾으시는 웹페이지의 이름이 바뀌었거나 현재 사용할 수 없습니다. 입력하신 페이지 주소가 정확한지 다시 한번 확인해 보시고 동일한 문제가 지속적으로 발생하는 경우에는 고객센터로 문의 부탁드리겠습니다. 홈으로 가기
37,looks_404,경찰청 - 전기통신금융사기 통합신고,,corpus\raw\pages\police_press\download_errhtml_pstSn_37_4_2.html,경찰청 - 전기통신금융사기 통합신고 죄송합니다 요청하신 페이지를 찾을 수 없습니다. 찾으시는 웹페이지의 이름이 바뀌었거나 현재 사용할 수 없습니다. 입력하신 페이지 주소가 정확한지 다시 한번 확인해 보시고 동일한 문제가 지속적으로 발생하는 경우에는 고객센터로 문의 부탁드리겠습니다. 홈으로 가기
37,looks_404,경찰청 - 전기통신금융사기 통합신고,,corpus\raw\pages\police_press\download_errhtml_pstSn_37_4_1.html,경찰청 - 전기통신금융사기 통합신고 죄송합니다 요청하신 페이지를 찾을 수 없습니다. 찾으시는 웹페이지의 이름이 바뀌었거나 현재 사용할 수 없습니다. 입력하신 페이지 주소가 정확한지 다시 한번 확인해 보시고 동일한 문제가 지속적으로 발생하는 경우에는 고객센터로 문의 부탁드리겠습니다. 홈으로 가기
37,looks_404,경찰청 - 전기통신금융사기 통합신고,,corpus\raw\pages\police_press\download_errhtml_pstSn_37_3_2.html,경찰청 - 전기통신금융사기 통합신고 죄송합니다 요청하신 페이지를 찾을 수 없습니다. 찾으시는 웹페이지의 이름이 바뀌었거나 현재 사용할 수 없습니다. 입력하신 페이지 주소가 정확한지 다시 한번 확인해 보시고 동일한 문제가 지속적으로 발생하는 경우에는 고객센터로 문의 부탁드리겠습니다. 홈으로 가기
37,looks_404,경찰청 - 전기통신금융사기 통합신고,,corpus\raw\pages\police_press\download_errhtml_pstSn_37_3_1.html,경찰청 - 전기통신금융사기 통합신고 죄송합니다 요청하신 페이지를 찾을 수 없습니다. 찾으시는 웹페이지의 이름이 바뀌었거나 현재 사용할 수 없습니다. 입력하신 페이지 주소가 정확한지 다시 한번 확인해 보시고 동일한 문제가 지속적으로 발생하는 경우에는 고객센터로 문의 부탁드리겠습니다. 홈으로 가기
37,looks_404,경찰청 - 전기통신금융사기 통합신고,,corpus\raw\pages\police_press\download_errhtml_pstSn_37_2_2.html,경찰청 - 전기통신금융사기 통합신고 죄송합니다 요청하신 페이지를 찾을 수 없습니다. 찾으시는 웹페이지의 이름이 바뀌었거나 현재 사용할 수 없습니다. 입력하신 페이지 주소가 정확한지 다시 한번 확인해 보시고 동일한 문제가 지속적으로 발생하는 경우에는 고객센터로 문의 부탁드리겠습니다. 홈으로 가기
37,looks_404,경찰청 - 전기통신금융사기 통합신고,,corpus\raw\pages\police_press\download_errhtml_pstSn_37_2_1.html,경찰청 - 전기통신금융사기 통합신고 죄송합니다 요청하신 페이지를 찾을 수 없습니다. 찾으시는 웹페이지의 이름이 바뀌었거나 현재 사용할 수 없습니다. 입력하신 페이지 주소가 정확한지 다시 한번 확인해 보시고 동일한 문제가 지속적으로 발생하는 경우에는 고객센터로 문의 부탁드리겠습니다. 홈으로 가기
2,looks_404,경찰청 - 전기통신금융사기 통합신고,,corpus\raw\pages\police_press\download_errhtml_pstSn_2_4_2.html,경찰청 - 전기통신금융사기 통합신고 죄송합니다 요청하신 페이지를 찾을 수 없습니다. 찾으시는 웹페이지의 이름이 바뀌었거나 현재 사용할 수 없습니다. 입력하신 페이지 주소가 정확한지 다시 한번 확인해 보시고 동일한 문제가 지속적으로 발생하는 경우에는 고객센터로 문의 부탁드리겠습니다. 홈으로 가기
2,looks_404,경찰청 - 전기통신금융사기 통합신고,,corpus\raw\pages\police_press\download_errhtml_pstSn_2_4_1.html,경찰청 - 전기통신금융사기 통합신고 죄송합니다 요청하신 페이지를 찾을 수 없습니다. 찾으시는 웹페이지의 이름이 바뀌었거나 현재 사용할 수 없습니다. 입력하신 페이지 주소가 정확한지 다시 한번 확인해 보시고 동일한 문제가 지속적으로 발생하는 경우에는 고객센터로 문의 부탁드리겠습니다. 홈으로 가기
2,looks_404,경찰청 - 전기통신금융사기 통합신고,,corpus\raw\pages\police_press\download_errhtml_pstSn_2_3_2.html,경찰청 - 전기통신금융사기 통합신고 죄송합니다 요청하신 페이지를 찾을 수 없습니다. 찾으시는 웹페이지의 이름이 바뀌었거나 현재 사용할 수 없습니다. 입력하신 페이지 주소가 정확한지 다시 한번 확인해 보시고 동일한 문제가 지속적으로 발생하는 경우에는 고객센터로 문의 부탁드리겠습니다. 홈으로 가기
2,looks_404,경찰청 - 전기통신금융사기 통합신고,,corpus\raw\pages\police_press\download_errhtml_pstSn_2_3_1.html,경찰청 - 전기통신금융사기 통합신고 죄송합니다 요청하신 페이지를 찾을 수 없습니다. 찾으시는 웹페이지의 이름이 바뀌었거나 현재 사용할 수 없습니다. 입력하신 페이지 주소가 정확한지 다시 한번 확인해 보시고 동일한 문제가 지속적으로 발생하는 경우에는 고객센터로 문의 부탁드리겠습니다. 홈으로 가기
2,looks_404,경찰청 - 전기통신금융사기 통합신고,,corpus\raw\pages\police_press\download_errhtml_pstSn_2_2_2.html,경찰청 - 전기통신금융사기 통합신고 죄송합니다 요청하신 페이지를 찾을 수 없습니다. 찾으시는 웹페이지의 이름이 바뀌었거나 현재 사용할 수 없습니다. 입력하신 페이지 주소가 정확한지 다시 한번 확인해 보시고 동일한 문제가 지속적으로 발생하는 경우에는 고객센터로 문의 부탁드리겠습니다. 홈으로 가기
2,looks_404,경찰청 - 전기통신금융사기 통합신고,,corpus\raw\pages\police_press\download_errhtml_pstSn_2_2_1.html,경찰청 - 전기통신금융사기 통합신고 죄송합니다 요청하신 페이지를 찾을 수 없습니다. 찾으시는 웹페이지의 이름이 바뀌었거나 현재 사용할 수 없습니다. 입력하신 페이지 주소가 정확한지 다시 한번 확인해 보시고 동일한 문제가 지속적으로 발생하는 경우에는 고객센터로 문의 부탁드리겠습니다. 홈으로 가기
1,looks_404,경찰청 - 전기통신금융사기 통합신고,,corpus\raw\pages\police_press\download_errhtml_pstSn_1_4_2.html,경찰청 - 전기통신금융사기 통합신고 죄송합니다 요청하신 페이지를 찾을 수 없습니다. 찾으시는 웹페이지의 이름이 바뀌었거나 현재 사용할 수 없습니다. 입력하신 페이지 주소가 정확한지 다시 한번 확인해 보시고 동일한 문제가 지속적으로 발생하는 경우에는 고객센터로 문의 부탁드리겠습니다. 홈으로 가기
1,looks_404,경찰청 - 전기통신금융사기 통합신고,,corpus\raw\pages\police_press\download_errhtml_pstSn_1_4_1.html,경찰청 - 전기통신금융사기 통합신고 죄송합니다 요청하신 페이지를 찾을 수 없습니다. 찾으시는 웹페이지의 이름이 바뀌었거나 현재 사용할 수 없습니다. 입력하신 페이지 주소가 정확한지 다시 한번 확인해 보시고 동일한 문제가 지속적으로 발생하는 경우에는 고객센터로 문의 부탁드리겠습니다. 홈으로 가기
1,looks_404,경찰청 - 전기통신금융사기 통합신고,,corpus\raw\pages\police_press\download_errhtml_pstSn_1_3_2.html,경찰청 - 전기통신금융사기 통합신고 죄송합니다 요청하신 페이지를 찾을 수 없습니다. 찾으시는 웹페이지의 이름이 바뀌었거나 현재 사용할 수 없습니다. 입력하신 페이지 주소가 정확한지 다시 한번 확인해 보시고 동일한 문제가 지속적으로 발생하는 경우에는 고객센터로 문의 부탁드리겠습니다. 홈으로 가기
1,looks_404,경찰청 - 전기통신금융사기 통합신고,,corpus\raw\pages\police_press\download_errhtml_pstSn_1_3_1.html,경찰청 - 전기통신금융사기 통합신고 죄송합니다 요청하신 페이지를 찾을 수 없습니다. 찾으시는 웹페이지의 이름이 바뀌었거나 현재 사용할 수 없습니다. 입력하신 페이지 주소가 정확한지 다시 한번 확인해 보시고 동일한 문제가 지속적으로 발생하는 경우에는 고객센터로 문의 부탁드리겠습니다. 홈으로 가기
1,looks_404,경찰청 - 전기통신금융사기 통합신고,,corpus\raw\pages\police_press\download_errhtml_pstSn_1_2_2.html,경찰청 - 전기통신금융사기 통합신고 죄송합니다 요청하신 페이지를 찾을 수 없습니다. 찾으시는 웹페이지의 이름이 바뀌었거나 현재 사용할 수 없습니다. 입력하신 페이지 주소가 정확한지 다시 한번 확인해 보시고 동일한 문제가 지속적으로 발생하는 경우에는 고객센터로 문의 부탁드리겠습니다. 홈으로 가기
1,looks_404,경찰청 - 전기통신금융사기 통합신고,,corpus\raw\pages\police_press\download_errhtml_pstSn_1_2_1.html,경찰청 - 전기통신금융사기 통합신고 죄송합니다 요청하신 페이지를 찾을 수 없습니다. 찾으시는 웹페이지의 이름이 바뀌었거나 현재 사용할 수 없습니다. 입력하신 페이지 주소가 정확한지 다시 한번 확인해 보시고 동일한 문제가 지속적으로 발생하는 경우에는 고객센터로 문의 부탁드리겠습니다. 홈으로 가기
99,looks_404,경찰청 - 전기통신금융사기 통합신고,,corpus\raw\pages\counterscam_notice\download_errhtml_pstSn_99_7.html,경찰청 - 전기통신금융사기 통합신고 죄송합니다 요청하신 페이지를 찾을 수 없습니다. 찾으시는 웹페이지의 이름이 바뀌었거나 현재 사용할 수 없습니다. 입력하신 페이지 주소가 정확한지 다시 한번 확인해 보시고 동일한 문제가 지속적으로 발생하는 경우에는 고객센터로 문의 부탁드리겠습니다. 홈으로 가기
99,looks_404,경찰청 - 전기통신금융사기 통합신고,,corpus\raw\pages\counterscam_notice\download_errhtml_pstSn_99_6.html,경찰청 - 전기통신금융사기 통합신고 죄송합니다 요청하신 페이지를 찾을 수 없습니다. 찾으시는 웹페이지의 이름이 바뀌었거나 현재 사용할 수 없습니다. 입력하신 페이지 주소가 정확한지 다시 한번 확인해 보시고 동일한 문제가 지속적으로 발생하는 경우에는 고객센터로 문의 부탁드리겠습니다. 홈으로 가기
99,looks_404,경찰청 - 전기통신금융사기 통합신고,,corpus\raw\pages\counterscam_notice\download_errhtml_pstSn_99_4.html,경찰청 - 전기통신금융사기 통합신고 죄송합니다 요청하신 페이지를 찾을 수 없습니다. 찾으시는 웹페이지의 이름이 바뀌었거나 현재 사용할 수 없습니다. 입력하신 페이지 주소가 정확한지 다시 한번 확인해 보시고 동일한 문제가 지속적으로 발생하는 경우에는 고객센터로 문의 부탁드리겠습니다. 홈으로 가기
99,looks_404,경찰청 - 전기통신금융사기 통합신고,,corpus\raw\pages\counterscam_notice\download_errhtml_pstSn_99_3.html,경찰청 - 전기통신금융사기 통합신고 죄송합니다 요청하신 페이지를 찾을 수 없습니다. 찾으시는 웹페이지의 이름이 바뀌었거나 현재 사용할 수 없습니다. 입력하신 페이지 주소가 정확한지 다시 한번 확인해 보시고 동일한 문제가 지속적으로 발생하는 경우에는 고객센터로 문의 부탁드리겠습니다. 홈으로 가기
99,looks_404,경찰청 - 전기통신금융사기 통합신고,,corpus\raw\pages\counterscam_notice\download_errhtml_pstSn_99_2.html,경찰청 - 전기통신금융사기 통합신고 죄송합니다 요청하신 페이지를 찾을 수 없습니다. 찾으시는 웹페이지의 이름이 바뀌었거나 현재 사용할 수 없습니다. 입력하신 페이지 주소가 정확한지 다시 한번 확인해 보시고 동일한 문제가 지속적으로 발생하는 경우에는 고객센터로 문의 부탁드리겠습니다. 홈으로 가기
